ID,Group,Success,Biomass,Flwday,t_SN,LOC109160091,LOC109172717,LOC109180570,LOC109158080,LOC109168050,LOC109176149,LOC109188952,LOC109192937,LOC109194046,LOC109165498,LOC109167617,LOC109155915,LOC109167153,LOC109180325,LOC109187277,LOC109183475,LOC109183760,LOC109148035,LOC109170623,LOC109163817,LOC109156417,LOC109164794,LOC109185825,LOC109151380,LOC109159066,LOC109182241,LOC109159804,LOC109181999,LOC109192494,LOC109186906,LOC109157151,LOC109169901,LOC109179907,LOC109187939,LOC109164952,LOC109171536,LOC109178949,LOC109157860,LOC109169775,LOC109173937,LOC109167537,LOC109168883,LOC109180552,LOC109165031,LOC109172760,LOC109188428,LOC109147765,LOC109172010,LOC109176723,LOC109178052,LOC109193595,LOC109192201,LOC109152312,LOC109156686,LOC109174117,LOC109181661,LOC109149743,LOC109162128,LOC109168552,LOC109170458,LOC109180076,LOC109153033,LOC109162039,LOC109168058,LOC109172908,LOC109181112,LOC109189243,LOC109175749,LOC109183598,LOC109191226,LOC109158288,LOC109163150,LOC109172057,LOC109172655,LOC109181896,LOC109183947,LOC109186589,LOC109156868,LOC109150355,LOC109191626,LOC109149221,LOC109168506,LOC109180039,LOC109180457,LOC109161952,LOC109177643,LOC109187445,LOC109190241,LOC109147685,LOC109149405,LOC109159324,LOC109190828,LOC109184042,LOC109148017,LOC109153320,LOC109159034,LOC109164597,LOC109164886,LOC109165452,LOC109166716,LOC109173690,LOC109176163,LOC109177917,LOC109180955,LOC109181894,LOC109182028,LOC109182034,LOC109182068,LOC109186841,LOC109187423,LOC109190886,LOC109181624,LOC109171796,LOC109147683,LOC109156972,LOC109160165,LOC109170482,LOC109180314,LOC109165737,LOC109180504,LOC109183761,LOC109169439,LOC109161291,LOC109162015,LOC109158569,LOC109175629,LOC109151268,LOC109151260,LOC109151261,LOC109167108,LOC109149190,LOC109152882,LOC109163569,LOC109175755,LOC109181764,LOC109177897,LOC109181902,LOC109192592,LOC109186793,LOC109150506,LOC109170185,LOC109180521,LOC109192440,LOC109146814,LOC109175816,LOC109180477,LOC109187977,LOC109156430,LOC109186672,LOC109160777
AL1,Flw.NS,NS,12.782,68,0,0,9,2,2,2,4,0,27,4,3,7,10,2,0,3,11,8,5,5,0,11,0,136,13,52,12,0,0,8,4,42,19,7,18,14,7,1,8,9,35,0,2,8,9,8,9,2,6,7,4,25,13,23,3,85,0,0,0,7,22,12,1,7,7,2,8,0,16,0,1,13,11,45,3,0,0,3,7,1,3,7,2,60,0,5,0,12,6,2,0,14,56,0,2,2,6,1,0,14,6,0,12,3,6,10,0,1,13,27,2,0,1,5,7,0,12,1,5,0,2,8,0,4,20,2,1,7,0,0,2,0,0,0,11,6,5,0,0,0,7,0,45,21,18,0,1,7,7,0,0
DE11,Flw.Set,Set,1.174,51,3.464101615,5,32,2,1,22,2,20,9,11,1,15,7,11,15,2,17.81,13,1,5,1,11,7,417.628,5,44,0,0,8,4,6,96,14,7,39,13,2,13,13,38,11,24,20,19,8,38,9,10,0,3,1,9,16,20,0,90,2,0,7,4,5,2,2,18,21,1,11,1,34,3,32,6,6,29,2,1,2,9,6,6,7,14,16,128,1,12,4,9,17,4,14,21,15,3,5,15,15,17,1,16,19,29,6,0,10,8,7,6,12,4,14.765,4,3,4,4,3,19,25,10,6,6,2,2,8,23,2,0,21,5,0,20,4,2,0,7,6,15,2,3,0,0,3,25,1,22,1,9,32,1,2,3
DE13,Flw.NS,NS,0.51478,55,0,26,89,0,2,3,4,151,24,9,15,3,10,9,3,0,17.799,8,2,1,6,4,4,311.798,18,25,0,1,19,10,3,15,10,2,6,39,11,19,6,65,8,7,19,6,18,27,1,17,0,0,2,10,9,33,0,86,1,25,4,2,6,4,5,6,1,82,15,10,42,0,18,1,11,28,9,1,2,1,1,2,6,8,30,110,11,2,202,13,16,0,12,20,29,2,12,5,7.039,7,4,16,31,4,2,1,3,0,1,0,11,19,26.002,4,1,12,2,16,0,1,20,3,3,1,10.545,6,6,16,2,16,8,2,24,1,0,1,10,3,26,10,1,0,1,3,28,4,14,3,3,73,2,26,6
DE14,Flw.NS,NS,0.767,63,0,5,10,14,10,14,13,24,15,30,8,1,10,11,0,11,11,23,2,14,9,24,0,52,32,78,8,7,1,1,11,5,46,7,10,18,7,3,4,7,19,3,6,0,15,10,13,2,5,13,5,66,38,73,3,22,1,1,0,15,32,13,13,2,2,2,3,0,13,4,5,36,12,114,0,0,3,0,31,4,14,11,9,26,2,0,5,10,14,18,4,5,130,0,3,8,3,4,2,14,647,10,1,3,11,11,17,43,44,50,2,7,0,34,5,5,27,7,24,2,11,14,1,6,58,13,0,6,2,5,6,0,1,0,32,21,16,3,16,0,13,0,66,5,4,0,12,11,3,6,3
DE15,Flw.NS,NS,4.021,61,0,2,25,21,5,12,9,44,23,16,12,18,12,10,13,12,17,4,3,1,9,10,0,406.989,15,61,10,6,4,3,13,38,32,6,38,9,6,17,9,30,15,11,20,27,6,20,5,9,2,4,12,33,26,25,1,151,2,7,7,2,10,0,13,11,5,9,15,5,24,8,44,20,5,72,7,0,11,6,4,2,10,15,7,111,1,21,0,8,25,5,5,11,69,3,4,8,12,5,9,9,18,30,8,0,9,13,2,36,9,24,18.107,6,5,8,15,7,5,3,14,5,7,13,1,4,23,9,3,8,9,2,8,4,6,4,23,16,19,6,18,3,19,4,71,21,37,7,11,15,2,5,1
DE20,Flw.NS,NS,0.18998,64,0,7,35,0,4,8.289,12,210,20,18,1,9,14,6,19,0,19.589,24,1,6,11,4,2,268.48,35,31,7,3,7,0,17,65,15,13,26,45,9,27,12,63,21,15,11,11,8,19,15,7,0,0,10,41,26,64,0,87,1,16,13,2,17,1,24,9,5.711,78,11,5,34,3,5,22,11,112,11,3,3,1,9,1,15,11,19,73,1,5,9,14,32,0,3,3,85,1,1,9,24.994,26,2,35,33,3,5,2,18,22,1,9,27,46,25,5,2,25,8,20,3,5,37,5,4,3,5.011,14,46,23,0,23,16,11,18,0,5,14,28,13,28,2,22,0,20,1,29,5,12,7,8,70,10,10,7
DE28,NF.NS,NS,0.05709,76,0,17,18,3,11,5,1,85,24,4,8,29,16,7,19,5,12,11,1,2,15,5,1,474.628,19,12,5,1,57,39,3,83,6,9,27,27,5,20,12,62,6,9,41,8,39,44,10,8,4,8,8,16,13,26,2,157,3,12,4,1,1,2,8,11,1,111,8,8,31,1,15,6,5,26,8,3,8,10,1,2,3,29,35,147,1,7,12,22,34,0,20,15,13,4,18,7,9,7,6,18,3,5,5,1,2,8,8,0,24,22,9.401,3,2,17,1,9,15,8,27,2,3,4,2.992,4,15,6,0,28,7,0,29,6,7,0,9,3,28,1,4,0,7,7,16,6,47,0,18,114,1,4,17
DE31,NF.NS,NS,0.08346,80,0,13,54,7,1,4,5,145,31,15,7,20,13,8,43,0,5.716,20,0,0,17,0,6,1082.886,16,30,1,2,9,14,11,171,9,6,78,59,8,12,10,34,19,13,35,37,29,55,12,23,2,0,24,17,20,27,0,161,16,22,4,5,2,10,0,39,0,126,18,0,57,1,90,17,3,48,9,2,7,14,5,4,0,18,57,206,5,4,10,39,21,4,12,58,49,0,12,9,31.13,4,3,24,116,3,6,8,10,5,3,2,13,18,40,0,18,10,2,2,6,1,34,9,5,15,7,3,5,1,11,54,17,9,52,5,11,14,19,4,20,10,5,1,12,2,37,15,38,10,3,69,5,18,5
DE35,Flw.NS,NS,3.776,62,0,7,11,55,17,15,7,18,29,21,0,5,32,22,1,14,19,3,8,6,2,13,0,232.05,31,112,41,8,0,9,15,68,32,10,36,21,12,8,6,72,52,16,6,13,16,20,10,28,16,12.66,30,18,60,47,3,164,0,2,2,17,19,18,23,16,0,10,20,17,10,14,1,33,25,84,0,0,22,7,12,2,6,6,8,194,7,10,0,33,16,13,2,11,63,3,7,5,8,2,4,33,223,16,7,0,8,14,18,12,37,68,5,1,6,3,9,5,49,10,30,3,19,9,0,19,46,8,0,9,4,1,9,1,0,2,21,9,16,13,5,0,23,9,74,22,37,0,21,11,4,8,22
DE36,Flw.NS,NS,0.31479,70,0,0,0,5,0,7,16,19,17,12,6,11,6,7,7,7,19.399,19,0,7,5,7,2,220.853,19,55,1,6,0,5,11,117,15,2,19,24,4,11,4,21,18,16,11,10,10,7,13,9,2,4,5,26,22,39,3,100,4,1,4,5,28,1,8,16,6,3,14,1,28,0,8,31,8,88,3,1,3,10,7,2,7,8,10,85,0,5,2,14,19,7,0,15,68,26,21,6,25.778,5,6,15,31,6,2,11,7,13,8,8,27,38,11.168,2,4,19,3,1,1,9,16,2,14,5,2.539,15,44,6,1,17,5,1,2,0,29,1,20,14,27,0,3,0,21,1,52,15,26,18,1,10,1,5,2
DE39,NF.NS,NS,0.02046,100,0,2,5,21,5,8,3,19,33,2,14,47,12,4,31,8,12,5,3,3,9,23,4,1052.86,8,52,11,3,9,17,22,188,9,5,48,37,6,20,14,78,30,42,11,16,36,33,16,13,7,12,7,32,45,33,9,266,5,1,0,9,4,7,3,16,4,6,42,9,64,3,27,24,4,73,1,0,3,14,9,5,13,10,18,162,9,23,16,20,34,11,2,90,61,1,9,11,38.341,8,4,17,0,10,8,1,7,5,0,2,18,26,11,2,8,13,2,3,15,8,10,4,13,6,8,4,20,3,4,49,7,0,26,3,6,6,17,16,23,2,6,0,9,6,62,50,68,6,16,37,2,2,23
DE7,Flw.Set,Set,23.517,52,9.273618495,0,3,115,18,18,3,2,23,27,1,5,16,13,0,13,37,27,12,17,0,18,0,72.321,32,169,27,3,0,4,35,23,13,12,24,23,10,4,1,36,76,8,7,16,10,11,18,4,30,3,1,68,49,77,21,60,0,2,0,29,57,21,27,2,21,6,11,8,10,8,0,96,30,104,2,0,27,1,18,17,12,7,1,116,0,5,10,24,19,18,3,16,110,0,8,3,3,3,0,17,175,3,11,2,8,22,7,1,32,38,0,6,2,25,17,3,41,16,23,0,25,12,0,10,39,2,0,8,5,0,2,2,4,3,42,16,5,3,5,2,12,1,127,9,22,0,19,4,9,1,6
DE9,Flw.Set,Set,8.648,59,2.449489743,1,4,58,2,1,0,4,12,7,2,11,31,35,2,9,24,11,12,6,1,8,0,150.958,21,76,18,5,1,8,8,64,16,9,16,7,7,10,8,36,40,4,0,7,10,7,5,14,5,8,12,39,36,46,5,142,0,1,0,9,31,11,6,13,7,2,3,5,12,2,8,43,36,79,3,1,11,5,23,7,15,4,1,127,2,9,82,16,2,3,0,32,73,0,12,1,3,0,1,27,9,5,8,0,14,20,4,1,14,37,1,3,4,8,4,1,27,4,20,0,20,18,0,12,37,6,0,13,0,0,1,8,1,0,27,16,5,0,6,3,13,0,58,9,12,1,11,2,8,3,0
GA1,NF.NS,NS,1.623,82,0,5,11,2,3,11,0,8,13,3,10,11,7,4,1,2,14.039,4,2,4,1,5,0,281.59,16,60,5,4,1,1,7,48,22,4,13,12,5,3,3,44,28,32,0,7,13,22,5,7,1,1,13,28,18,35,8,143,0,0,2,6,23,13,5,4,6,3,7,10,1,0,6,18,16,57,2,0,2,3,11,7,4,5,0,61,0,9,1,20,20,3,2,9,44,3,0,0,6,0,3,7,0,9,3,4,7,14,0,0,11,34,11,0,5,10,1,0,12,9,2,0,8,4,0,3,24,2,0,19,5,1,5,6,3,0,28,9,8,0,4,1,12,4,45,20,22,0,7,8,2,2,1
GA3,NF.NS,NS,9.769,76,0,3,10,3,4,12,3,15,14,0,9,17,8,11,3,6,13.964,6,4,5,0,7,0,327.225,8,69,14,2,0,10,8,112,3,0,23,18,6,8,11,32,38,7,6,13,22,23,13,16,1,6,2,26,32,23,4,219,0,0,0,6,19,8,0,24,6,8,6,24,17,4,3,24,16,49,3,0,3,3,4,7,8,21,3,112,3,21,3,33,13,8,0,37,41,3,3,0,8,0,1,6,11,9,5,4,4,16,5,1,10,21,2.016,2,0,1,0,0,15,2,6,0,11,10,0,4,22,7,0,34,5,1,3,4,0,1.108,16,5,14,3,1,1,12,4,57,23,52,0,2,8,5,0,1
GA4,NF.NS,NS,0.30181,92,0,0,0,9,0,2,0,4,18,12,3,9,6,3,0,4,3.929,3,1,6,1,9,0,87,28,16,12,1,1,0,10,116,24,5,15,14,9,0,11,22,20,0,1,44,0,5,16,5,3,1,11,26,15,58,0,110,2,0,0,7,13,10,0,9,0,0,10,6,18,1,0,23,14,101,0,1,1,0,10,9,6,12,0,60,7,56,4,5,3,0,0,0,86,1,2,2,1,7,5,15,2,0,0,6,2,23,0,0,12,39,66.972,1,27,1,3,0,7,4,1,0,35,9,6,3,56,1,0,4,1,0,4,10,10,0,44,7,10,2,1,0,12,0,91,16,64,0,8,3,4,0,0
GA5,Flw.NS,NS,13.016,68,0,0,6,21,3,14,2,10,24,21,19,8,17,13,2,4,39.301,7,1,18,8,17,8,490.452,34,119,16,7,0,15,17,80,31,15,18,13,9,6,7,42,40,5,1,19,27,36,38,9,3,12,8,79,38,53,5,152,2,18,2,3,32,3,4,8,10,2,13,24,15,0,22,45,40,136,0,0,19,12,16,12,11,11,17,134,1,9,2,18,25,19,2,31,126,12,10,5,16,9,3,12,81,18,13,0,12,8,8,11,48,54,16,5,2,12,9,4,33,7,23,1,19,11,0,24,93,4,0,47,5,7,7,6,4,5,32,10,20,1,11,7,37,3,126,40,30,6,27,18,6,6,6
GA7,Flw.Set,Set,11.068,66,1,3,27,18,15,13,5,41,16,6,3,12,22,2,2,12,23,13,2,4,5,11,1.741,162.004,24,88,1,7,6,4,18,63,13,13,35,30,5,18,10,25,22,21,10,6,11,28,13,11,0,6,12,28,31,52,4,77,3,4,7,6,14,6,9,3,5,53,5,2,16,11,4,29,10,76,2,1,9,4,11,5,8,14,15,70,5,11,2,9,18,0,0,3,77,3,2,19,4,10,4,30,72,16,7,2,11,10,14,25,36,34,15,2,6,17,20,1,7,5,26,1,14,7,2.716,7,28,7,0,12,2,1,4,0,1,4,17,4,8,4,3,2,14,0,58,4,13,3,12,29,3,3,6
MD1,Flw.NS,NS,0.477,69,0,0,33,8,14,13,14,16,22,11,3,5,27,4,8,6,23,29,4,9,9,14,0,112,12,59,4,9,0,7,6,60,9,15,35,51,10,14,1,16,22,3,4,6,8,4,18,11,2,2,7,53,30,46,1,46,2,2,2,5,19,10,13,12,10,10,18,2,10,1,20,42,16,147,4,0,5,1,8,10,11,11,14,66,7,3,14,8,13,1,8,5,111,8,17,3,17.101,6,3,26,114,1,16,13,16,16,22,27,14,38,15.399,3,0,19,12,14,7,5,26,2,18,3,2.794,5,62,7,8,6,3,4,9,0,11,1,20,16,7,2,18,0,15,1,73,11,9,6,7,19,3,8,3
MD12,Flw.NS,NS,1.435,69,0,0,12,49,31,15,19,40,10,3,4,6,28,3,8,11,22.856,29,4,8,1,17,2,211.691,23,153,15,6,5,6,15,70,29,14,23,23,10,9,2,32,32,12,4,10,20,10,10,2,12,9,15,69,49,57,6,71,0,9,2,27,22,6,32,4,4,18,11,4,20,18,4,41,9,84,2,0,15,4,9,6,6,13,9,91,1,3,1,6,8,9,9,10,92,13,5,14,9,0,1,30,32,18,6,2,9,20,13,16,24,41,11,0,7,17,15,5,37,17,19,0,20,7,0,12,51,10,3,8,3,0,8,1,3,4,23,19,6,0,11,0,23,1,74,14,17,7,17,11,5,7,1
MD13,Flw.Set,Set,3.038,57,2.236067977,0,41,5,2,0,0,39,21,3,4,13,13,11,15,0,8.781,9,4,0,3,6,4,432.936,12,15,0,4,8,6,1,152,7,0,55,40,6,26,2,30,12,1,11,11,14,47,3,35,0,0,6,4,11,13,0,113,6,4,3,1,7,9,3,3,1,8,17,4,22,0,40,0,2,26,1,0,5,6,0,1,2,17,8,209,0,2,10,24,31,6,10,22,10,4,40,2,8,29,2,11,209,13,5,12,11,3,3,7,9,10,16.665,0,6,4,5,5,8,8,13,2,6,15,8,4,12,2,151,18,22,4,16,0,28,9,8,2,20,3,8,3,7,2,8,7,16,6,3,35,2,13,0
MD21,Flw.Set,Set,3.344,57,2.449489743,2,6,24,9,10,5,41,21,15,2,5,30,10,5,27,23.169,15,1,9,1,8,0,196.229,36,100,54,7,0,7,22,21,20,3,18,25,6,8,15,35,41,1,6,7,15,6,18,2,11,20,3,70,52,53,6,123,0,1,0,22,35,5,5,12,1,3,6,6,15,9,9,42,10,123,1,0,20,5,19,10,4,19,17,58,0,6,3,5,10,11,1,14,113,0,1,11,7,0,2,23,131,21,20,2,7,20,9,12,27,52,1,4,2,33,12,5,36,8,10,0,30,21,0,6,35,7,1,3,0,0,7,1,3,4,44,3,3,0,7,1,23,6,109,16,37,0,23,17,3,14,1
MD26,NF.NS,NS,0.0286,100,0,76,461,1,0,0,0,233,29,6,0,31,5,0,36,0,11,0,0,0,7,0,8,2037.894,6,0,0,1,47,25,8,118,0,4,405,163,0,72,40,193,2,22,41,95,54,69,0,86,0,0,7,0,1,4,0,91,311,71,169,0,1,5,0,58,0,340,52,3,55,1,53,0,0,4,47,3,0,28,1,0,2,45,140,364,14,10,32,17,57,0,106,250,19,34,197,0,60,65,14,1,0,0,2,0,3,0,0,0,0,0,11.017,0,12,12,0,15,3,3,7,34,3,5,21.829,3,2,0,0,31,27,88,120,2,7,89.837,2,0,25,19,3,251,2,19.292,5,16,17,115.937,0,106,0,65,1
MD27,NF.NS,NS,0.16686,72,0,14,24,9,0,11,3,103,23,12,10,9,8,9,7,7,11,10,0,2,15,7,15.324,350.749,6,23,1,5,16,7,10,220,7,8,50,40,3,31,7,51,8,6,21,14,18,38,13,19,0,1,12,24,26,34,1,112,10,13,24,4,5,8,1,12,0,31,22,9,63,0,9,1,2,60,21,0,10,5,6,6,0,11,10,177,17,9,22,6,19,3,10,30,43,12,24,5,17,31,13,5,22,7,8,11,7,3,5,0,22,25,32,5,13,25,12,11,8,6,12,4,13,2,7.487,8,30,10,3,6,13,14,30,2,2,1,7,16,36,10,5,0,9,12,37,18,18,19,4,28,0,41,10
MD30,Flw.Set,Set,13.633,50,3.16227766,5,11,60,22,8,6,23,24,3,1,11,10,12,0,24,31,4,3,4,2,12,0,265.535,19,77,22,7,2,5,17,65,9,3,50,26,5,17,13,50,27,4,5,19,26,16,22,6,24,17.028,10,16,21,51,4,155,1,1,1,7,13,21,13,9,2,10,18,2,22,17,8,19,10,47,6,0,9,10,12,1,20,13,2,139,1,11,3,18,9,3,1,24,46,2,4,9,12.112,2,2,11,269,8,5,0,4,9,25,3,16,20,4,6,4,7,5,2,62,13,20,2,3,10,0,4,18,2,1,9,17,1,5,4,0,0,30,8,13,8,14,4,14,0,79,16,45,0,14,14,7,2,4
MD34,Flw.Set,Set,1.702,57,2,1,14,111,41,44,34,32,27,31,10,11,65,45,9,23,58.607,94,18,44,13,37,2.225,211.599,43,400,51,14,0,27,78,33,154,44,19,24,16,27,8,31,124,13,21,8,28,39,68,17,63,17,8,136,77,225,88,82,1,0,11,44,81,41,31,8,46,3,14,1,30,9,9,135,61,360,3,3,48,13,40,31,36,24,16,141,2,4,2,36,30,27,3,11,287,2,17,25,15,2,3,68,13,21,24,0,30,51,6,65,101,93,8,12,1,110,17,6,49,8,86,0,67,30,0,36,166,12,0,58,6,7,10,3,1,0,105,72,9,3,28,3,40,13,295,7,10,0,52,28,9,12,1
MD40,NF.NS,NS,0.10361,81,0,1,33,1,3,5,0,24,46,8,4,7,21,12,13,3,30,13,4,5,7,4,2.478,489.129,21,32,3,5,18,2,4,84,8,9,30,52,4,29,3,49,13,8,17,16,16,83,17,5,0,0,12,25,26,40,1,127,3,13,0,3,9,0,10,20,3,40,24,8,61,1,30,15,10,60,9,0,3,5,1,4,4,33,33,124,9,10,53,15,34,4,15,22,46,1,11,5,9,20,3,19,174,10,7,41,12,9,6,28,24,33,13,7,6,13,9,9,5,3,10,8,11,6,6.095,12,26,4,95,41,9,1,14,4,17,2,11,10,27,3,7,0,3,2,22,6,22,0,5,68,11,9,17
MD45,Flw.NS,NS,0.913,66,0,5,20,3,18,13,19,4,18,27,10,15,25,11,1,10,24.521,9,9,10,3,9,0,297.552,19,85,17,6,1,7,21,69,39,8,47,44,9,17,9,47,26,10,14,19,27,35,15,10,3,6,14,61,32,55,0,101,0,0,3,26,9,10,6,10,6,10,4,4,23,9,13,20,32,130,8,0,4,8,8,10,12,20,8,153,0,5,14,33,47,22,0,18,64,0,8,13,7,8,6,17,332,37,5,21,4,14,15,31,21,38,24.09,6,5,15,7,3,18,3,43,0,19,11,1.887,15,38,4,11,10,13,3,14,0,18,0,22,19,11,8,11,0,22,0,71,7,12,0,9,23,1,9,1
MD5,Flw.Set,Set,1.562,59,2.236067977,3,19,40,20,39,4,16,24,25,8,15,87,36,3,5,9,44,6,9,3,17,1.134,200.484,28,103,34,12,0,4,16,23,32,28,19,24,16,10,13,35,66,13,28,17,17,41,26,5,7,2,5,104,58,94,13,131,2,0,6,16,21,14,10,8,5,5,3,3,48,17,3,36,13,112,4,1,12,4,25,6,14,30,6,128,3,5,6,9,16,16,0,13,142,4,9,6,6,6,7,41,102,23,12,0,8,18,3,15,62,79,10,21,1,31,21,5,28,13,36,0,41,7,0,32,47,14,1,6,3,2,11,1,2,0,21,8,15,0,7,1,13,5,112,14,15,2,23,31,5,0,8
MD53,Flw.Set,Set,0.59,57,2.449489743,5,23,1,5,16,5,14,21,14,4,5,21,6,2,12,13,18,7,6,12,7,0,268.229,18,50,5,1,1,20,12,87,21,1,15,56,6,16,11,70,30,4,15,13,16,35,21,15,0,5,10,41,22,30,1,144,4,5,0,4,13,1,3,4,4,10,20,2,43,4,21,12,13,51,0,0,1,9,6,1,5,18,21,130,6,6,5,9,30,3,6,11,24,3,23,18,26,16,6,8,97,17,7,10,18,11,9,3,16,25,13,5,9,18,12,8,6,2,20,4,10,14,3.862,11,35,12,16,28,9,2,25,3,7,0,8,12,17,2,7,0,22,3,45,10,39,5,3,62,4,16,4
MD54,Flw.NS,NS,2.346,64,0,6,1,7,10,14,14,6,18,6,4,4,24,4,3,49,21.848,22,15,18,0,21,0,169.355,33,270,43,3,0,5,52,41,30,12,20,36,9,26,19,31,57,4,3,16,19,5,28,1,27,12,6,108,50,84,36,117,1,0,0,23,49,4,20,8,15,0,18,3,11,13,7,67,31,140,0,0,20,4,24,8,4,7,2,67,0,2,2,5,20,9,7,10,158,4,6,18,4,10,3,33,263,15,20,8,21,29,20,5,61,85,2.295,0,4,40,8,5,90,13,29,0,28,9,0,35,56,6,4,11,1,0,0,2,2,0,43,9,12,0,11,2,23,0,146,17,6,0,21,9,4,1,5
MD55,NF.NS,NS,0.448,100,0,4,11,8,11,16,0,11,23,6,11,13,10,12,0,7,21,14,3,5,5,2,0,285.25,6,47,9,2,5,32,15,66,10,5,19,43,4,14,11,93,19,21,9,5,24,21,14,7,0,6,26,25,14,55,2,165,1,0,0,4,5,2,5,3,7,11,8,7,28,1,5,22,9,73,6,0,1,1,9,6,6,22,3,101,1,23,86,38,32,15,0,3,35,0,12,4,3,5,1,18,20,10,0,7,8,13,0,0,10,10,6.004,1,0,8,8,2,10,15,15,2,14,2,2,7,16,2,0,19,6,0,4,12,3,0,16,4,13,10,0,0,11,1,49,4,31,0,4,38,4,10,0
MD56,NF.NS,NS,0.60896,75,0,3,15,0,0,7,0,126,25,8,4,11,8,2,35.999,0,1,1,2,1,5,0,2,441.676,3,16,0,0,5,8,4,154,4,5,87,67,3,45,11,84,7,23,37,28,32,42,3,20,0,0,22,4,7,7,0,137,18,12,28,3,0,5,0,15,0,45,31,9,50,0,29,0,2,19,20,1,5,9,1,0,5,43,28,198,11,3,12,17,23,2,3,24,7,8,38,4,19,49,8,12,2,0,5,23,4,0,0,0,2,14,35,2,7,5,6,26,0,2,19,12,2,3,7.336,0,2,5,6,13,17,39,26,5,14,19.997,7,1,33,5,3,10,7,6,9,13,12,13,0,47,0,37,8
MD57,Flw.Set,Set,0.46631,60,1.414213562,2,32,1,1,6,3,73,13,4,2,7,8,7,2,0,6,5,2,2,5,3,5,139.949,3,6,0,4,0,7,0,60,1,1,53,51,17,9,5,42,19,17,8,12,4,14,4,16,0,3,3,7,9,14,0,94,6,2,5,3,0,3,4,3,0,29,11,2,15,0,10,0,0,18,5,0,0,4,0,2,13,11,13,82,2,4,4,7,10,5,11,30,9,5,9,8,7,11,2,2,18,2,8,10,1,1,0,0,4,11,16,0,1,11,5,3,0,0,8,3,3,2,2.139,4,16,16,7,4,10,5,13,1,3,8,5,3,9,1,11,2,2,5,18,6,12,14.989,0,38,0,10,0
NC1,Flw.Set,Set,26.619,62,2.236067977,4,7,18,9,12.865,10,34,16,16,0,7,12,12,3,15,11.639,19,7,9,1,17,3,195.91,21,65,9,4,1,5,15,76,35,14,12,24,11,19,2,27,37,22,7,22,10,19,30,6,0,1,10,58,39,46,0,91,3,7,0,9,24,9,2,6,5.135,11,23,7,29,0,5,31,26,126,1,5,9,6,7,11,3,19,19,71,1,6,10,5,10,11,1,14,107,0,9,13,7,6,3,10,75,6,3,3,8,7,0,2,24,34,13.998,5,5,13,14,2,19,15,17,0,12,11,0,5,33,13,0,26,4,2,15,0,2,0,43,10,11,1,3,3,26,7,81,12,11,1,14,14,3,2,2
NC15,NF.NS,NS,0.30882,74,0,2,14,4,4,11,1,50,17,5,16,28,14,4,10,4,12,10,3,11,5,6,7.998,247.933,12,55.187,2,4,7,3,10,84,18,2,38,55,6,27,18,55,15,3,12,9,21,21,29,14,0,1,7,42,18,72,2,98,2,6,0,17,17,4,3,0,2,4,13,1,43,1,17,13,14,63,7,0,8,10,2,3,16,19,23,122,1,0,6,10,24,0,10,11,76,12,31,21,10.043,23,5,19,132,7,8,29,14,12,7,12,40,27,12,13,4,14,17,34,3,8,20,14,8,3,4,6,22,4,27,4,5,7,7,6,15,7,13,4,11,4,5,2,13,3,55,13,17,10,10,17,3,12,8
NC21,NF.NS,NS,0.05671,74,0,0,49,9,0,9,2,19,13,1,17,31,8,9,58,6,14,9,3,2,6,8,8,323.764,17,42,2,1,0,6,1,121,8,2,55,81,0,15,7,26,11,10,11,25,14,38,7,17,0,1,15,12,17,19,1,118,21,7,10,4,2,9,1,21,3,5,19,5,34,1,15,6,5,36,1,0,4,16,1,5,2,19,19,166,4,9.948,27,15,42,0,13,27,11,4,24,4,18,18,1,10,116,3,1,9,1,7,2,10,4,10,23.583,1,2,9,10,2,3,5,15,2,12,4,2.162,3,17,7,187,16,12,16,32,2,48,5,7,0,25,7,1,0,2,6,32,13,40,21,10,22,0,10,15
NC22,Flw.NS,NS,2.256,59,0,3,26,11,7,9,9,57,15,39,4,23,17,2,4,11,17,11,6,7,8,2,22,624.689,10,99,16,3,0,10,14,46,19,5,42,49,5,24,9,29,25,6,10,23,27,24,12,21,7,11,12,41,35,31,3,145,8,7,4,14,11,8,6,21,5,13,32,6,39,13,38,39,9,74,1,0,6,7,14,16,8,8,42,172,3,8,15,31,19,5,6,61,71,1,13,20,11.415,12,7,17,449,15,12,24,8,12,8,10,11,28,21,1,7,12,6,5,32,10,23,7,15,14,2,2,25,2,5,39,18,4,34,6,14,9,16,8,19,7,0,0,11,8,55,28,33,1,27,32,6,3,10
NC24,NF.NS,NS,0.532,100,0,10,39,0,1,3,0,78,15,2,8,10,4,2,6,0,13,5,1,5,9,7,4,150.638,4,21,1,0,25,9,9,73,3,1,18,22,5,24,5,33,8,36,18,3,19,26,9,17,0,0,16,23,14,43,0,101,1,5,5,3,6,4,6,2,3,18,18,3,20,0,5,6,11,41,6,2,2,3,2,1,1,22,7,72,3,7,35,17,28,4,12,3,22,9,10,6,5.651,12,1,7,0,6,4,0,2,2,0,1,13,12,14,2,1,3,3,7,5,7,6,2,8,1,2,1,15,1,5,10,4,0,7,13,5,0,6,4,26,0,6,0,3,0,20,4,12,5,11,51,2,3,12
NC27,NF.NS,NS,2.893,72,0,1,4,5,0,6.014,9,16,17,9,8,22,11,4,3,5,10,7,0,3,5,10,1,291.462,24,84,3,1,0,6,1,49,15,4,18,47,0,13,12,19,22,26,11,11,15,28,11,7,2,2.013,8,33,17,34,0,127,10,1,0,10,10,5,1,10,7.986,1,16,10,17,4,23,14,15,67,0,0,3,6,11,1,5,13,5,76,0,2,0,36,8,2,2,28,57,4,10,0,19,13,11,4,203,7,7,18,1,23,4,2,16,28,5,0,0,4,4,8,0,1,20,2,12,2,0,11,28,0,15,33,7,0,8,0,39,0,22,9,8,3,6,0,13,1,41,8,24,0,4,9,1,1,3
NC29,NF.NS,NS,0.698,100,0,0,5,6,0,5,5,37,27,17,24,18,11,7,28,3,18,7,8,4,6,7,2,177.308,7,62,7,0,0,9,0,148,13,0,29,60,8,17,4,47,22,10,11,26,10,33,7,14,1,1,4,28,33,34,0,134,7,3,13,5,5,7,2,20,2,1,11,4,46,3,19,9,13,66,14,0,3,4,5,3,8,29,5,117,3,6,11,19,32,0,4,24,44,23,21,3,30,49,11,4,138,10,4,24,3,9,2,0,19,21,16,6,4,8,9,5,5,5,8,5,9,10,12.7,4,22,7,35,35,8,15,10,0,43,0,12,21,15,0,3,0,12,2,38,22,28,27,5,25,0,8,13
NC35,Flw.NS,NS,16.638,66,0,1,20,92,15,27,6,33,33,72,32,19,31,17,21,15,25,45,8,24,3,25,4,404.796,49,204,21,2,0,18,26,45,54,12,29,32,12,37,13,47,67,16,16,30,45,36,24,10,43,9.003,8,120,68,118,5,162,1,0,10,43,22,28,31,6,20,2,23,1,39,18,30,70,58,194,3,2,20,9,26,12,27,34,14,156,6,4,5,25,71,30,15,38,189,6,23,10,22.01,13,6,32,565,28,20,3,28,29,0,17,58,87,15.291,4,2,30,2,7,103,9,61,0,20,13,4.058,26,58,8,2,98,15,1,10,4,9,0,33,23,31,2,15,1,28,2,149,19,11,0,37,35,15,17,11
NC42,Flw.NS,NS,14.784,68,0,4,14,22,8,1,5,8,38,9,4,12,5,8,2,9,18,5,6,0,3,8,0,182.341,18,61,12,1,4,9,16,50,23,1,16,16,9,8,10,58,26,14,1,11,6,15,8,8,5,2,7,27,17,32,3,128,0,0,0,4,15,25,2,3,4,11,4,4,10,6,1,26,14,28,0,0,1,0,15,5,6,14,7,134,8,12,8,18,10,3,1,18,29,0,4,0,2,0,0,4,2,2,1,0,2,11,3,15,6,33,5,2,3,1,1,0,42,0,8,0,6,14,0,6,14,2,0,17,13,1,4,0,3,0,25,6,15,7,7,0,10,3,42,20,14,0,4,5,1,5,2
NC8,NF.NS,NS,0.08617,92,0,13,166,6,0,5,0,190,49,5,0,50,5,1,5,0,2.001,1,0,3,30,3,28.999,324.991,6,3,1,2,12,29,0,251,1,2,76,190,0,136,21,213,5,15,36,54,34,82,0,30,0,0,33,4,6,18,0,165,245,25,24,1,8,1,1,15,0,67,32,6,52,0,55,0,0,29,26,36,0,17,0,0,0,65,31,235,11,11,24,0,24,0,12,42,15,17,150,2,35.497,38,25,6,22,0,1,18,2,0,7,6,2,12,9,1,33,6,1,5,0,0,4,9,2,0,14,4,3,1,3,11,34,40,29,12,16,3,4,2,51,8,5,34,6,12.82,24,10,34,34,1,197,0,32,34
NJ1,NF.NS,NS,3.945,72,0,0,28,3,2,4,0,17,24,0,11,30,6,4,0,1,8.576,3,3,1,12,5,3.68,266.938,12,33,4,0,8,25,0,112,14,0,82,98,0,14,3,73,4,7,16,18,26,50,4,29,0,0,5,26,5,32,0,152,9,1,6,2,8,4,0,10,2,8,21,11,27,1,147,19,10,75,10,40,0,11,3,2,0,36,4,247,2,4,25,15,21,0,6,44,47,10,34,2,80.805,3,12,2,0,16,3,17,3,13,1,0,6,7,9.063,1,21,5,1,5,20,3,9,0,3,9,11,7,17,0,30,78,12,1,10,4,35,0,17,2,19,7,11,0,5,0,33,22,42,4,3,57,0,1,7
NJ15,Flw.Set,Set,26.002,57,2.236067977,0,11,96,20,9,10,21,21,14,3,4,14,9,0,17,37.749,16,12,19,0,11,0,84.623,27,152,22,11,0,0,24,12,27,3,11,11,9,14,11,11,36,10,0,14,5,15,17,3,29,9,10,47,23,68,11,56,0,4,1,5,36,19,9,0,14,7,6,3,10,21,3,78,28,117,0,0,23,1,12,8,13,14,12,60,0,2,2,13,9,2,0,7,99,0,0,2,4,0,4,12,217,1,10,1,6,25,12,5,23,73,8,5,0,34,4,5,48,5,44,0,15,7,0,11,36,7,0,18,5,7,4,1,0,0,41,10,11,3,20,0,6,0,116,3,4,0,24,6,6,1,1
NJ17,Flw.Set,Set,3.602,54,2.449489743,1,10,22,7,19,17,6,12,32,3,23,21,13,14,9,16,33,5,13,11,19,8,399.014,22,97,8,9,5,2,30,54,21,17,8,17,12,16,3,33,70,13,14,18,9,16,19,23,0,8,10,52,50,51,9,105,4,5,0,24,27,9,19,5,7,0,12,2,36,1,4,40,21,126,10,2,16,3,28,4,5,17,11,103,5,8,3,9,10,7,7,32,127,4,3,12,20,8,6,25,224,12,23,1,11,30,14,85,26,66,10,5,5,23,21,2,32,14,17,3,33,13,3.895,18,76,7,0,24,2,6,5,2,1,0,25,10,5,2,11,2,21,2,68,16,42,1,19,20,13,5,6
NJ28,Flw.NS,NS,0.09653,69,0,2,18,11,1,14.963,6,14,17,0,5,6,10,6,4,11,9,12,5,3,1,3,3,171.989,4,22,1,6,1,5,12,75,15,5,73,34,2,10,6,21,16,6,5,19,5,14,4,9,0,6,0,12,16,35,1,86,8,3,13,0,12,12,3,20,4.037,7,9,4,33,0,14,5,2,25,14,2,8,8,1,1,2,6,16,100,2,5,16,11,11,5,7,4,31,2,7,4,16,15,3,6,27,4,4,3,1,3,12,3,5,23,12.307,2,8,6,11,1,1,12,11,3,7,7,3,0,21,2,45,5,10,0,20,1,11,2,13,8,11,2,9,0,14,6,42,12,22,12,5,17,4,5,2
NJ3,Flw.Set,Set,3.948,52,2.449489743,3,11,123,6,26,3,6,33,7,5,15,48,30,1,22,39.895,48,11,21,3,32,2,292.025,49,135,30,6,5,6,48,113,41,11,23,11,14,3,13,56,93,25,5,23,16,15,31,16,19,7,8,79,85,98,8,88,0,0,4,12,40,29,18,3,28,12,11,4,27,11,3,48,45,121,0,4,16,3,23,13,10,31,10,178,0,8,6,31,28,20,2,53,167,0,3,2,5,5,3,55,3,16,12,0,6,58,8,2,39,41,16.247,11,2,14,13,1,50,9,22,0,35,23,0,20,51,19,1,22,12,0,10,1,2,0,73,18,19,2,7,0,20,1,171,17,34,0,31,28,13,2,2
NJ34,Flw.NS,NS,1.036,63,0,2,9,5,16,11,4,14,8,16,10,20,23,10,6,26,15,20,8,4,0,11,3,160.842,13,107,3,1,0,3,12,22,9,5,25,21,6,10,8,23,13,7,5,8,11,7,2,5,2,8,1,36,20,23,2,62,2,5,1,9,11,15,8,2,2,14,15,1,24,8,21,12,12,48,1,0,1,2,1,4,5,10,9,104,2,2,6,13,9,4,1,14,58,6,6,15,15,11,8,5,55,10,3,4,8,5,4,5,28,27,7.14,7,0,15,14,3,24,11,20,1,15,1,4.857,7,25,1,12,24,10,0,13,0,16,0,13,6,11,2,5,0,11,6,48,6,12,6,11,22,2,8,4
NJ35,Flw.Set,Set,3.695,56,3.31662479,1,7,28,5,13,2,7,30,2,5,4,15,13,12,13,31.066,12,4,4,4,28,2,307.885,26,97,15,6,0,10,6,52,39,4,46,18,22,4,4,24,30,8,13,5,19,9,25,7,1,10,8,31,34,52,9,126,6,0,1,1,41,19,5,11,3,0,10,7,5,0,18,39,27,129,3,2,8,3,20,8,10,30,6,100,5,4,3,15,8,3,0,25,89,4,6,0,8,0,4,12,19,4,2,1,20,32,9,3,24,60,4.032,2,2,3,5,0,40,5,13,0,15,12,0,14,46,2,0,29,2,0,2,9,0,0,35,10,11,3,16,1,12,1,79,31,9,0,7,6,9,5,0
NJ41,Flw.Set,Set,0.496,60,1,2,17,1,4,5,8,2,17,2,1,27,5,3,0,2,22,1,0,2,8,9,0,229.892,9,38,1,4,0,7,0,92,4,10,39,48,9,36,1,24,9,8,5,14,22,24,10,11,1,4,1,18,27,19,0,108,18,5,7,1,8,6,1,8,2,5,11,2,26,0,28,4,11,82,3,7,2,8,5,4,1,13,4,60,4,3,10,9,13,2,5,10,30,22,36,7,13.901,10,9,5,56,5,1,9,13,9,4,0,16,10,6.926,7,5,9,3,4,7,5,18,0,12,2,0,0,15,6,15,16,0,1,12,4,23,0,6,2,27,7,14,0,14,1,34,19,25,4,2,35,2,1,25
NJ50,NF.NS,NS,0.20895,74,0,38,17,0,0,0,0,43,27,15,7,7,1,7,19,0,10,1,0,0,7,3,5,184.909,4,16,0,3,7,11,5,86,0,6,38,60,1,25,17,50,8,13,20,15,18,30,2,12,0,0,3,4,6,9,0,83,10,20,7,0,5,0,0,12,1,46,20,5,45,0,20,0,2,12,3,0,3,20,0,1,1,6,35,103,6,4,20,11,22,3,9,27,20,10,17,2,24,21,2,15,1,2,0,3,3,0,0,0,8,7,23,1,3,5,5,5,0,3,16,11,1,2,13.029,6,5,11,0,14,14,7,34,0,8,1,4,1,13,1,5,2,2,7,12,8,4,18,3,92,1,20,9
PA12,Flw.Set,Set,6.995,58,3,3,5,15,5,9,6,17,9,7,4,9,5,2,1,3,25,4,6,4,4,10,0,260.713,15,40,1,3,2,4,24,87,18,9,19,25,5,16,2,25,15,12,7,7,11,17,6,7,2,8,5,18,15,31,3,74,4,1,6,4,21,3,0,5,1,37,6,3,16,0,10,6,11,74,6,1,1,4,9,2,4,8,17,68,1,5,3,6,12,5,0,13,58,2,11,0,7,1,1,17,22,3,12,4,7,17,0,7,25,24,4,0,3,17,9,6,1,7,9,3,5,3,0,6,19,5,0,21,5,8,21,2,6,0,18,15,18,0,7,0,29,2,31,13,16,0,4,23,0,4,4
PA15,Flw.Set,Set,3.354,60,1.414213562,1,12,17,3,8,4,6,6,6,2,23,11,7,6,15,15,2,2,3,1,6,0,666.505,19,49,4,7,0,3,2,232,3,5,43,44,8,5,12,70,21,20,4,23,10,27,15,24,0,0,7,28,41,18,3,151,18,2,6,2,6,13,4,18,6,3,20,12,45,0,11,12,5,69,3,4,7,1,6,3,3,7,10,131,4,14,9,5,5,13,3,44,60,9,24,7,26,5,4,8,77,8,7,4,8,7,2,4,22,24,4.055,0,14,4,9,1,16,18,9,4,17,9,1,11,20,2,1,29,3,1,33,6,9,1,11,8,18,1,6,1,8,3,39,16,59,11,11,19,1,9,6
PA2,Flw.Set,Set,5.472,53,1.414213562,3,13,2,13,19,35,8,20,9,2,9,43,12,0,14,18.502,28,19,2,5,19,0,152.961,39,113,3,2,2,1,19,22,29,10,26,46,8,4,4,22,22,9,11,7,6,13,15,1,0,5,4,56,41,86,2,48,0,0,3,22,28,13,16,8,10,8,14,4,22,6,9,48,16,131,1,1,4,7,27,12,7,13,7,70,2,4,7,8,11,8,3,7,103,1,7,23,6,3,4,31,51,32,3,11,9,38,4,31,40,54,21,5,2,17,21,6,13,4,25,1,25,9,1,16,58,8,10,13,3,3,7,1,5,0,15,4,11,0,11,0,19,1,72,8,4,1,4,26,9,8,0
PA21,NF.NS,NS,0.23794,75,0,9,161,7,9,16,1,133,37,18,17,11,23,34,34,1,23.904,46,4,6,28,26,51.961,343.907,25,62,0,0,5,13,16,124,19,11,60,38,26,25,17,32,40,6,21,58,12,34,28,23,0,0,7,45,51,55,4,106,15,30,8,4,14,11,8,16,10,53,9,0,57,0,24,11,26,162,7,0,13,14,2,5,21,20,81,154,1,13,25,29,21,3,36,10,118,76,10,7,28.022,56,24,61,71,6,14,14,15,19,14,1,39,71,37.988,4,15,50,12,24,0,5,43,12,30,13,19.421,31,83,24,0,29,51,33,38,0,19,23,43,7,22,12,20,4,15,12,102,13,28,54,5,52,4,94,13
PA26,Flw.NS,NS,10.326,52,0,1,15,5,14,15,4,12,7,14,7,8,26,10,3,12,19.622,16,3,10,2,18,1,181.928,15,83,6,3,10,6,15,25,24,11,18,15,5,21,1,24,23,4,12,8,9,7,20,11,6,1,6,42,13,61,7,50,0,0,5,8,25,6,13,6,9,0,5,1,8,2,16,26,18,112,1,0,8,5,14,5,8,15,7,83,3,3,3,12,30,6,9,3,64,0,2,7,5.878,2,2,5,47,24,16,2,10,15,0,19,39,32,13,13,2,16,11,5,37,6,21,2,9,4,0.951,4,28,3,0,11,0,0,6,0,4,3,28,10,7,4,5,0,4,4,66,2,10,0,10,11,3,0,1
PA3,Flw.NS,NS,0.30947,66,0,1,5,1,6,3,23,6,20,2,3,20,15,5,14.886,10,7,10,5,6,5,13,2,187.869,12,74,1,1,0,6,15,28,19,6,24,46,11,10,5,20,3,8,6,8,7,1,6,9,1,5,2,48,29,37,0,34,5,0,4,9,5,15,13,9,11,5,13,2,31,8,28,23,6,43,1,0,3,4,1,2,2,3,15,67,5,3.14,94,3,19,7,4,25,51,4,11,24,13,13,10,10,136,6,2,18,17,14,3,10,21,21,5.445,5,3,10,9,10,15,5,4,3,14,5,2,10,32,2,266,26,8,0,24,0,28,0,14,6,6,1,7,0,12,0,70,13,16,10,13,4,4,11,8
PA31,Flw.NS,NS,0.581,64,0,2,13,6,12,13,29,2,8,2,1,5,23,15,6,18,7,20,2,15,0,23,2,77,19,67,6,1,2,4,5,28,6,8,13,48,6,4,7,12,27,2,9,9,3,5,9,7,4,4,7,62,40,36,2,50,1,5,0,13,20,9,20,12,6,0,21,1,22,1,15,48,16,100,0,0,5,7,9,5,8,3,2,71,0,11,2,0,4,11,2,8,56,1,2,6,13,11,1,6,44,2,11,3,14,9,2,4,12,25,1,6,0,18,7,4,11,17,9,0,20,6,4,11,69,8,21,16,3,7,32,0,10,0,28,2,5,1,3,1,11,4,77,18,7,0,7,3,5,9,0
PA33,Flw.Set,Set,6.116,51,4.898979486,6,7,42,26,16,6,7,21,8,5,5,23,15,12,30,16.026,19,3,8,0,22,0,266.682,27,75,12,8,1,6,21,43,19,16,30,42,3,26,6,51,39,5,5,5,16,41,24,16,0,10.539,17,38,32,43,8,137,0,0,3,7,16,6,9,15,8,7,15,5,43,22,7,28,14,57,2,1,13,9,6,4,6,23,19,126,1,1,3,13,21,13,1,14,71,0,9,23,16,2,0,18,72,23,6,1,3,11,27,34,15,18,8,5,4,21,8,9,39,14,19,4,7,16,2,8,21,10,0,12,7,1,6,0,1,0,13,12,20,3,12,1,6,2,52,8,19,1,8,32,8,1,0
PA38,Flw.Set,Set,4.21,62,2.236067977,2,34,35,14,22,12,13,13,9,4,9,19,24,4,8,31,20,8,11,3,27,6,411.975,34,110,8,7,11,24,22,50,36,7,20,36,12,8,6,67,32,11,18,5,18,24,25,15,8,3,23,71,38,95,4,120,1,7,5,9,32,13,17,12,12,25,5,3,25,2,11,33,27,166,3,1,2,2,11,9,12,25,11,101,1,8,6,24,37,20,6,15,100,0,18,4,5,1,2,43,37,12,11,3,17,41,7,4,53,52,12,6,0,13,10,10,33,10,35,0,9,3,5,15,52,9,0,19,8,2,5,0,8,0,33,26,27,1,4,2,3,0,82,9,28,1,4,37,5,5,4
SC10,NF.NS,NS,0.53802,100,0,3,4,4,24,17,16,4,20,14,1,7,30,30,0,22,46.69,53,15,13,3,56,0,162.663,46,206,26,13,1,14,5,31,40,26,44,85,19,12,12,18,109,14,8,15,4,24,17,4,25,12,5,109,60,114,6,91,27,2,1,35,54,6,38,8,13,4,18,6,26,1,13,82,58,274,6,0,14,4,30,10,18,12,14,87,0,3,19,15,15,15,3,24,355,4,2,26,26,2,9,29,37,5,27,79,30,48,8,2,69,98,2,3,3,52,33,7,18,5,35,1,27,15,0,14,114,16,232,40,10,3,18,1,65,0,86,15,12,4,17,2,36,4,176,17,13,1,19,12,26,3,10
SC13,NF.NS,NS,5.038,86,0,11,54,4,2,10,1,15,66,0,8,35,10,2,3,2,17,7,1,2,7,14,0,577.705,20,54,4,3,3,45,3,136,19,3,33,48,2,26,9,80,13,39,31,12,19,44,17,32,0,1,33,26,22,43,3,237,6,2,0,1,14,15,1,18,4,17,17,20,27,0,39,16,19,78,4,33,7,19,16,10,3,45,1,246,7,25.376,4,27,76,10,8,97,55,9,14,5,14,11,2,4,3,8,2,18,5,17,0,5,27,20,14.581,1,1,7,1,12,24,0,18,6,3,8,0,1,20,0,2,110,8,4,18,11,6,0,24,6,27,19,3,9,16,4,57,21,62,5,5,38,3,2,1
SC16,Flw.Set,Set,23.124,63,2.236067977,0,11,15,3,8,20,15,23,27,3,3,29,3,8,19,22.875,36,3,3,6,27,3.142,193,34,96,21,6,0,1,26,44,43,18,25,10,7,6,7,24,42,4,6,13,10,17,27,5,6,8,4,69,57,106,1,75,1,2,2,9,43,10,5,14,4,2,26,4,21,2,10,73,49,206,0,0,9,13,18,6,13,14,16,89,2,11,6,8,11,17,1,33,206,4,0,25,9,2,10,20,79,7,3,4,25,60,4,5,21,57,4,4,6,38,28,4,26,7,22,2,21,18,6,14,88,6,0,14,2,5,18,0,2,1,68,14,11,1,16,4,31,4,105,22,9,3,13,7,15,2,2
SC17,NF.NS,NS,6.613,86,0,7,9,44,2,7,5,11,49,1,0,12,13,14,7,11,28,8,4,3,4,2,0,181.883,14,158,8,6,1,5,18,56,13,2,12,8,4,16,16,40,69,33,5,6,3,18,5,10,5,3,16,32,57,28,8,153,2,0,0,2,10,13,10,10,11,0,17,7,23,13,0,33,11,34,1,0,24,0,7,9,2,37,15,134,11,6,3,24,19,4,1,27,54,0,7,0,6,0,6,14,1,0,7,0,8,10,2,11,9,38,10,3,5,5,3,4,21,2,26,0,20,10,0,10,13,4,0,13,3,0,1,5,0,0,27,5,2,2,17,0,1,2,102,52,36,0,16,13,0,1,3
SC20,NF.NS,NS,0.816,84,0,8,43,29,7,6,0,67,38,3,6,7,15,7,31,12,16,14,1,3,6,5,0,480.815,10,28,6,3,10,5,16,37,27,4,25,14,4,44,11,34,12,22,10,13,27,34,17,36,0,9,26,24,40,32,1,120,1,2,0,0,25,3,2,7,0,50,19,7,23,4,31,28,11,44,5,0,0,10,8,6,6,16,16,100,3,11,111,27,23,16,7,22,34,3,1,9,13.01,9,11,14,53,3,1,0,3,2,2,16,16,24,9,4,6,3,5,6,27,7,28,2,9,7,1.112,2,13,2,0,44,25,5,29,13,5,0,12,4,27,4,6,0,15,3,49,12,12,0,10,48,3,7,7
SC2,NF.NS,NS,0.56751,86,0,6,27,10,0,7,2,5,40,1,6,4,26,9,7,9,25,5,2,9,0,5,0,318.739,17,79,16,7,0,14,23,97,12,0,22,23,4,15,17,40,44,36,11,29,9,17,14,20,5,4.991,22,30,59,63,7,164,1,0,0,9,33,15,9,38,9,5,21,9,9,5,3,47,12,73,0,0,18,6,19,7,1,21,7,226,0,16,23,26,23,13,2,26,90,0,12,0,2,2,1,19,15,0,6,7,7,16,3,1,15,32,9,3,3,11,4,3,32,3,12,0,20,17,0,18,36,4,13,18,1,0,2,2,11,0,22,10,14,0,7,9,12,0,80,15,40,0,14,8,0,7,1
SC5,NF.NS,NS,5.355,74,0,5,9,54,7,3,3,16,32,4,4,12,6,3,5,2,13.326,8,2,5,1,3,0,236.3,35,85,2,1,1,16,16,62,19,0,15,12,12,8,12,26,42,49,2,10,22,7,8,18,2,3,10,30,18,22,8,117,0,5,0,2,29,4,5,2,5,4,20,3,11,4,5,30,29,75,1,0,8,0,9,9,12,29,4,98,4,8.792,3,21,14,2,0,19,67,0,7,0,7,6,3,8,7,7,7,1,8,18,2,0,14,51,5.996,0,3,13,0,5,28,5,5,0,7,11,0,6,32,3,0,28,6,1,6,0,1,0,15,8,9,5,10,1,7,1,59,24,34,0,12,13,2,5,0
SC6,NF.NS,NS,0.03229,100,0,5,59,1,0,7,0,160,23,6,0,12,16,0,3,0,5,6,0,2,10,2,5,121.988,8,4,1,2,34,18,10,119,2,8,80,59,5,58,7,110,7,40,31,34,18,29,5,32,1,0,15,14,28,3,0,103,13,10,38,0,10,0,1,2,0,98,9,4,53,0,8,0,2,20,20,7,7,19,0,4,5,43,31,107,2,3,30,12,13,0,33,16,42,9,18,0,3,19,7,4,2,0,4,5,4,2,2,0,14,5,13,0,10,7,7,2,0,1,8,17,5,4,13,4,12,7,0,18,15,30,22,1,1,5,10,1,10,3,5,67,12,17.649,11,11,14,12,9,77,1,48,5
SC8,NF.NS,NS,0.804,100,0,5,13,1,1,6,10,5,24,1,10,30,13,7,2,6,20.303,6,1,2,4,20,0,1220.511,16,59,18,0,36,11,1,117,22,7,26,27,3,28,11,49,33,31,13,12,7,39,7,15,1,1,19,57,25,49,3,132,4,8,3,5,27,2,3,1,6,0,16,12,33,0,19,13,18,153,1,12,12,5,23,2,7,58,2,67,1,7,3,38,24,2,2,69,97,3,33,0,24.08,3,17,2,9,5,9,29,13,24,7,10,41,53,5.728,3,0,7,10,3,4,2,9,3,14,1,0,5,37,5,13,32,9,4,14,12,14,0,26,12,18,0,5,0,9,2,66,16,29,5,7,22,7,3,4
SC9,NF.NS,NS,3.921,85,0,4,50,7,2,6,2,39,18,17,5,9,13,4,27,3,12,10,0,0,14,5,26.982,987.321,10,63,3,4,0,5,2,182,14,3,35,30,12,9,8,106,14,18,12,22,21,41,5,29,5,4,26,34,27,41,3,227,9,3,6,7,6,9,3,18,3,13,9,18,54,1,34,15,4,41,5,1,3,13,5,2,12,23,24,188,0,36,22,27,40,8,20,50,37,27,3,8,37,4,13,10,75,8,9,3,9,8,8,7,9,26,14,0,14,1,11,4,11,3,24,14,5,5,3.127,4,8,3,0,39,22,13,28,10,11,22,23,7,24,4,2,2,12,5,45,16,58,4,8,20,0,9,1
TN10,Flw.Set,Set,0.808,56,3.464101615,17,95,3,3,5,0,60,18,2,0,24,2,4,0,0,13,4,0,2,9,3,6,353.629,9,24,0,2,1,27,2,187,3,16,65,102,5,42,12,104,14,12,18,53,24,29,14,15,0,3,9,33,11,42,0,133,74,34,11,0,15,10,0,8,0,113,18,9,23,0,28,8,13,98,35,8,5,9,7,5,11,31,32,154,3,13,13,3,47,1,25,43,115,33,22,5,79,21,20,6,13,3,2,0,6,14,2,3,19,55,13,9,5,6,4,6,7,2,23,14,12,7,4.928,6,40,13,0,21,12,31,50,12,5,2,23,12,50,13,36,1,24,11,30,14,28,16,6,44,3,33,2
TN1,Flw.NS,NS,0.24168,63,0,3,88,9,8,10,2,106,26,26,6,2,12,15,1,1,51.339,29,7,16,8,17,7,215.804,58,42,3,7,0,5,12,79,8,45,38,66,9,12,16,48,48,1,10,36,7,19,37,23,0,0,0,29,45,91,0,72,14,18,11,16,27,3,18,12,3,102,25,3,35,0,13,15,8,175,2,1,17,6,15,7,16,7,53,94,2,5,58,28,20,0,8,51,173,15,10,22,30,26,23,47,63,0,13,36,14,40,21,23,32,88,28,8,8,70,19,12,2,10,54,12,14,4,15,21,102,21,11,26,11,24,35,3,11,7,85,4,22,5,38,1,34,8.574,87,11,21,57.995,16,65,18,44,9
TN13,Flw.NS,NS,1.658,61,0,3,1,10,46,10,14,25,14,21,3,3,63,17,5.354,14,27,43,5,25,5,35,8,92.936,42,240,19,3,0,8,17,20,31,17,36,47,1,12,7,10,57,1,3,2,8,13,24,4,2,8,6,89,35,89,1,28,0,0,0,33,41,2,18,2,9,4,9,2,29,10,2,91,31,157,0,3,9,0,13,8,5,2,13,82,0,1,10,10,10,18,0,5,239,1,0,19,4,5,1,31,51,0,7,16,16,36,13,147,80,94,10,9,1,38,17,4,20,17,50,1,34,5,1.742,7,68,8,19,10,0,8,5,0,14,1,37,14,7,0,25,0,13,1,116,7,7,6,29,6,14,2,1
TN15,NF.NS,NS,0.36149,79,0,88,335,0,2,6,1,324,35,0,1,42,10,1,2,0,5,4,0,1,12,2,69,534.025,5,30,0,3,9,30,3,291,5,11,42,111,8,70,30,215,5,19,41,109,24,67,8,52,1,1,31,16,17,30,0,184,67,16,41,7,9,1,2,17,0,161,22,6,35,0,85,1,5,61,21,161,6,23,4,3,0,40,29,231,8,13,8,15,32,3,9,21,49,149,82,1,56.508,27,9,11,1,0,1,0,3,3,1,3,17,11,20,1,13,11,2,9,0,1,13,14,4,6,16,6,13,0,0,15,24,111,47,15,4,46.942,12,1,30,25,22,4,2,3,50,30,62,30,4,155,0,40,10
TN21,NF.NS,NS,0.03031,85,0,91,415,0,0,3,0,381,42,1,5,50,11,0,16,0,6,5,0,0,93,1,18,412.886,12,6,0,2,12,64,8,279,0,1,200,174,1,31,23,286,2,19,33,37,58,125,8,76,0,0,23,12,15,3,0,142,109,47,69,0,3,6,0,13,2,243,23,6,84,0,31,3,2,16,19,39,0,30,0,1,1,43,81,314,9,4,28,25,17,1,34,114,13,43,77,0,27,85,3,3,1,4,0,2,1,1,0,0,4,1,8,1,7,6,2,22,1,0,10,13,0,6,18.468,2,13,0,0,42,29,31,42,8,1,0,13,0,52,18,0,81,5,27,6,10,25,26,0,186,0,57,15
TN22,Flw.Set,Set,9.65,59,2.449489743,4,56,4,10,24,4,127,21,97,10,22,17,27,5,1,39.749,89,4,12,26,32,13,250,53,52,2,19,13,6,21,98,12,27,22,34,19,23,15,111,39,16,18,6,15,51,24,17,0,1,15,57,36,110,2,100,12,6,9,40,34,4,15,1,5,47,15,1,58,2,8,13,21,162,14,10,6,0,13,14,24,19,29,138,4,1,8,17,38,5,14,8,161,2,10,3,28,33,9,52,14,7,12,1,40,11,1,4,51,74,34,10,0,67,30,17,5,2,59,17,27,11,20,20,58,24,0,21,12,16,29,5,6,0,51,36,33,4,18,0,20,4,72,7,14,2,18,202,4,55,3
TN23,NF.NS,NS,3.196,76,0,2,46,20,2,15.124,0,64,27,5,14,42,15,6,10,13,18,28,1,4,14,10,44.978,1138.234,13,32,5,2,12,25,2,191,15,3,35,90,6,24,14,127,39,37,19,23,57,54,15,31,0,1,18,32,34,20,3,306,21,3,4,10,13,4,3,25,14.876,31,41,28,84,0,40,17,7,80,16,4,5,13,3,0,5,29,22,242,3,14,27,62,33,2,12,114,100,39,26,9,50,3,13,30,21,4,3,28,19,24,0,10,24,35,41.996,6,14,6,7,2,22,13,14,7,10,8,2,16,16,3,3,62,16,11,35,4,18,1,32,20,49,7,5,6,17,7,64,39,51,7,19,34,2,8,5
TN25,NF.NS,NS,0,100,0,1,16,9,0,3,0,16,34,0,8,52,5,1,20,2,8.522,2,0,0,6,3,1,256.783,3,7,0,0,0,15,0,124,4,4,31,37,0,7,9,20,5,6,7,10,16,16,2,10,0,0,3,2,4,18,1,97,6,8,2,0,0,1,2,27,4,6,14,8,27,0,19,7,1,9,0,0,0,6,1,2,0,23,7,127,6,15,5,17,13,0,1,21,11,1,12,1,13,14,6,3,172,0,0,4,0,9,1,1,1,13,5,4,10,0,6,3,15,5,1,0,3,7,0.729,4,9,3,47,31,5,0,19,1,19,0,5,3,15,1,1,3,5,5,17,19,18,3,2,23,0,5,3
TN28,Flw.NS,NS,1.194,68,0,2,1,75,8,23,9,14,24,3,4,4,19,20,0,6,27.469,12,2,4,0,20,2,91.955,34,117,23,3,0,13,42,31,52,12,35,9,8,17,5,40,41,12,0,11,15,14,21,0,29,15,4,67,37,60,10,50,0,5,3,13,43,13,12,3,9,11,7,4,18,22,7,45,29,112,3,0,16,3,15,8,9,15,12,141,2,6,4,19,23,18,0,4,112,0,6,5,6,0,4,23,72,10,11,0,11,15,3,6,39,45,5,3,3,25,12,0,60,9,17,3,20,8,0,2,55,7,1,14,8,0,5,1,2,2,35,26,1,0,8,2,14,4,115,15,5,0,15,12,1,0,11
TN30,Flw.NS,NS,0.84647,64,0,1,12,2,10,5,7,33,23,7,14,17,29,10,17,11,21.043,12,2,6,4,4,11,218.851,11,44,14,1,4,12,6,113,14,3,24,53,16,22,10,42,38,13,12,10,20,21,10,10,2,4,7,34,20,38,3,124,2,1,7,6,5,5,6,9,6,9,1,1,28,4,10,6,11,45,2,0,5,9,0,4,6,57,10,98,3,10,4,8,25,6,1,13,35,5,10,7,12,21,1,12,77,4,5,13,9,4,8,2,18,25,12,6,5,20,5,8,8,7,20,0,19,6,1.702,7,15,1,216,22,11,2,8,7,43,6,22,13,20,0,4,0,20,1,49,6,13,0,4,22,2,6,4
TN3,Flw.NS,NS,3.115,70,0,2,9,6,1,7,9,131,16,7,12,6,8,3,7,6,15,8,7,8,2,7,11,241.255,24,40,0,1,1,1,6,64,25,3,39,102,13,72,6,16,19,16,11,8,8,15,6,5,2,3,7,23,29,33,0,70,1,9,7,8,14,1,8,6,6,17,17,1,33,0,9,10,9,39,8,0,13,3,5,5,10,22,24,79,4,12,6,16,9,8,1,10,27,9,26,16,4,17,5,17,61,16,3,6,4,15,2,3,34,19,17,6,6,14,11,8,3,4,17,1,17,9,3.719,17,32,9,20,18,4,8,18,1,14,0,19,11,13,4,13,3,18,0,39,7,2,14,8,48,1,8,5
TN32,NF.NS,NS,0.25916,81,0,4,92,11,8,18,6,33,23,10,16,22,6,4,36,5,19.703,31,7,9,15,9,14,293.687,15,34,0,7,10,9,2,33,9,8,28,80,0,17,21,29,18,24,19,17,18,24,10,10,0,0,6,44,23,44,0,117,0,10,1,2,25,1,8,1,3,55,17,0,52,2,12,34,9,98,10,0,2,9,6,3,3,11,26,140,3,6,29,14,30,4,4,24,70,0,10,4,16,3,3,22,58,1,1,0,11,17,0,10,27,8,27.739,7,5,18,16,17,6,4,23,2,16,2,9.271,6,33,8,0,17,6,0,16,5,1,1,31,11,31,16,15,0,6,1,55,7,20,3,5,78,4,7,5
TN34,NF.NS,NS,0.31204,73,0,0,4,3,4,6,7,31,10,5,16,12,10,8,7,2,10,4,4,0,0,6,7,104.993,3,44,1,2,0,0,3,48,7,4,26,31,5,10,6,11,7,6,9,19,5,10,12,11,0,2,3,17,20,26,0,72,4,4,16,2,9,4,5,12,1,4,12,1,18,0,26,5,2,57,0,0,2,11,9,8,3,4,19,55,2,3,26,2,11,0,0,2,51,7,8,3,7.681,5,3,17,69,1,5,8,8,15,8,1,5,15,16,1,6,17,8,7,0,4,14,5,6,4,4.928,6,33,4,11,16,0,1,12,3,13,4.993,19,9,19,0,1,0,14,7,54,30,33,14,0,12,0,15,2
TN36,Flw.NS,NS,0.292,65,0,43,122,6,0,0,0,261,42,6,23,57,11,0,27,0,8,6,0,0,10,2,31,1717.77,5,6,0,2,67,23,4,155,1,0,49,39,1,56,22,164,2,12,51,51,60,43,0,38,0,0,28,2,8,9,0,169,46,17,41,0,0,8,0,6,2,203,58,1,64,0,44,0,0,3,29,6,1,13,0,0,2,19,44,337,15,5,10,51,53,0,39,104,11,18,33,0,29,61,3,9,87,0,8,0,1,2,0,2,7,5,24.669,4,10,10,3,17,0,0,15,25,8,6,22.351,1,1,5,3,80,42,13,74,5,1,4,7,0,24,6,4,21,1,9,2,9,38,24,8,259,0,21,11
TN38,Flw.NS,NS,3.919,69,0,0,3,96,4,13,1,21,24,8,13,6,9,0,1,7,8,7,3,3,2,10,3,210.403,3,21,7,1,6,9,7,34,16,4,20,22,9,15,3,16,8,4,9,7,16,14,12,6,1,12,5,16,14,38,0,86,5,0,0,2,6,6,1,11,2,6,17,3,17,1,7,25,1,23,3,0,5,5,1,1,2,4,9,78,0,14,1,4,6,9,4,17,35,1,1,1,11,2,1,9,453,46,0,0,4,9,5,1,8,15,8,2,0,7,3,0,19,5,3,2,12,9,0,0,25,0,0,31,0,0,20,0,0,0,10,10,5,3,5,0,3,6,23,12,18,0,1,8,2,3,5
TN39,Flw.NS,NS,2.932,58,0,0,5,12,66,24,22,14,26,36,5,9,106,45,5,19,58.849,81,32,29,11,64,2,210.409,71,450,40,16,2,8,21,51,73,54,43,65,9,15,7,35,115,7,29,8,14,12,43,9,24,8,14,173,104,136,11,55,0,2,4,59,63,22,78,12,22,1,25,7,26,10,15,120,54,340,0,0,14,14,32,16,31,9,5,117,0,5,5,12,18,11,2,14,390,6,9,68,13,1,9,63,306,30,41,56,22,113,7,59,130,142,18,16,4,49,45,11,19,29,78,5,34,18,2.635,28,132,23,38,35,16,13,13,0,37,0,121,23,9,0,25,1,71,4,243,10,12,15,26,16,20,9,8
TN41,Flw.NS,NS,0.06372,66,0,3,137,1,1,3.921,0,276,13,6,0,91,11,1,5,0,2,5,1,0,186,0,5,877.396,10,14,1,2,8,33,7,558,2,2,56,161,8,78,19,389,3,16,17,95,64,99,1,22,0,1,27,5,5,25,0,205,144,31,66,0,1,1,2,26,4.079,129,28,10,40,0,86,3,3,31,60,365,2,3,7,0,1,42,36,361,7,14,7,16,87,2,51,36,44,59,65,0,57,61,28,8,1,1,2,0,2,5,6,3,10,20,29.45,4,2,8,1,17,1,1,12,13,0,7,24.817,0,6,1,0,100,42,163,41,12,4,4,6,0,79,30,18,1,10,10,37,8,40,52,6,218,0,7,14
VA1,NF.NS,NS,0.01574,100,0,12,201,0,5,2,0,115,29,1,3,92,8,2,1,0,14.672,8,0,1,14,7,82,797.036,3,11,1,3,14,64,12,625,3,5,55,110,0,115,8,337,8,38,22,66,45,102,4,13,0,0,57,14,8,28,0,283,58,6,30,0,10,0,0,23,0,31,29,33,44,0,23,1,1,48,62,238,3,6,2,3,4,71,12,298,16,31,40,18,56,0,11,59,29,40,46,2,60.035,34,21,9,0,0,3,1,9,2,0,3,14,4,21.437,0,3,4,3,22,9,4,5,23,10,6,10.98,2,26,2,0,16,27,51,13,27,1,16.997,10,4,78,17,3,10,19,8.016,15,30,45,8,9,107,1,18,37
VA24,Flw.Set,Set,5.583,53,3.464101615,4,22,97,25,27,18,26,17,168,1,6,24,19,6,24,35.749,37,6,15,0,30,1,134.949,30,258,73,6,0,28,42,36,52,29,11,9,22,17,1,39,83,8,7,12,19,18,54,9,40,13,22,134,84,91,35,91,0,1,0,46,19,35,30,18,15,10,13,8,13,18,15,107,61,198,0,3,38,5,17,28,11,13,9,114,0,9,5,26,27,36,3,24,175,1,6,19,14,7,3,35,2012,11,9,0,13,46,10,43,64,76,14.097,17,2,47,4,4,45,8,49,3,27,11,0,20,53,9,0,18,12,2,4,2,3,6.916,63,15,5,4,15,2,25,0,139,3,10,2,47,26,12,6,13
VA25,Flw.NS,NS,0.756,66,0,6,15,24,16,6,0,30,15,14,5,12,27,16,16,3,20.913,53,7,14,4,18,1,354.423,21,172,14,11,4,8,21,64,26,16,23,18,22,29,2,51,45,19,5,7,20,42,35,8,1,10.943,36,96,70,95,5,110,0,2,0,22,50,5,21,10,1,14,24,4,36,0,7,37,35,176,4,2,17,0,24,9,8,21,6,74,6,3,18,17,23,24,4,15,107,9,3,21,11,1,4,41,97,23,15,1,16,24,25,6,36,77,17.009,8,0,30,19,9,11,20,33,11,13,19,2,14,42,4,3,12,7,3,11,2,3,9,40,16,16,8,15,0,20,7,76,10,13,8,18,27,3,11,3
VA38,Flw.NS,NS,0.993,61,0,15,56,6,1,7,2,84,36,9,10,26,9,7,52,0,33,13,3,4,6,18,1,283.155,30,18,0,9,0,23,8,171,15,17,67,153,12,24,14,51,12,5,10,34,22,29,13,15,0,0,21,24,27,32,0,201,13,12,15,0,18,0,2,9,1,96,16,1,58,1,12,9,6,63,6,2,5,19,3,6,1,26,27,124,15,7,44,15,28,2,27,4,68,5,9,4,21,11,5,13,83,1,7,7,9,14,7,0,16,27,31.855,1,2,14,10,8,2,1,10,15,12,9,2,7,29,9,0,8,11,1,23,3,6,14,25,13,16,2,7,48,20,13,46,11,52,12,6,87,2,25,17
VA39,NF.NS,NS,0.01012,100,0,0,37,0,2,5,0,44,46,0,2,89,19,2,2,2,9,4,6,1,11,4,5,686.856,6,29,0,4,2,34,10,453,3,7,49,63,9,36,18,85,5,22,36,31,38,50,2,19,0,7,14,8,15,13,0,335,9,0,3,3,5,4,1,27,0,20,16,34,45,3,16,8,7,24,51,11,2,18,1,3,1,35,10,211,7,15,119,41,51,0,14,63,40,3,28,2,36,18,6,7,0,9,2,0,3,3,0,2,11,3,17,0,1,2,5,9,9,6,5,3,3,12,0,2,3,1,0,22,9,5,16,34,7,16.511,2,2,51,5,2,1,5,9,16,54,107,3,1,25,0,5,20
VA41,Flw.NS,NS,0.28144,67,0,2,45,6,0,3,3,67,30,0,0,63,6,1,2,0,8,1,0,0,9,1,8,267.677,0,5,2,1,3,17,0,231,2,3,92,162,3,65,3,138,0,5,16,27,24,61,0,25,0,0,32,2,2,11,4,175,154,9,45,1,0,3,0,23,0,17,17,7,62,0,36,0,0,25,10,30,0,8,0,0,0,59,7,249,3,16,32,11,28,0,8,13,6,66,170,2,14,47,6,7,9,0,7,7,3,2,0,2,1,8,32,1,16,7,0,3,0,2,3,6,3,2,16,0,9,8,9,5,27,80,17,10,12,8,8,1,52,5,8,11,5,3,3,12,17,66.987,1,60,0,23,8
VA50,NF.NS,NS,0.14312,76,0,3,30,0,3,4,8,130,17,3,1,18,12,1,19.001,3,10.963,9,0,3,7,1,4,298.78,7,20,2,3,5,4,12,112,9,5,64,16,2,11,8,20,17,9,5,18,14,13,22,34,2,2,2,17,12,36,0,64,15,17,0,6,10,3,5,20,0,75,17,3,18,1,10,4,0,74,6,0,1,12,4,2,9,4,44,89,2,8,19,8,16,2,8,20,51,8,6,7,21,8,6,10,23,0,2,6,2,5,5,13,10,48,22.039,2,9,25,5,2,0,2,8,4,15,3,9.712,6,37,5,1,35,8,1,69,5,2,11,12,10,12,5,6,0,8,9,45,2,14,0,7,34,2,5,6
VA7,NF.NS,NS,0.22849,79,0,8,60.999,2,8,12,0,160,48,19,16,33,25,7,21,4,15,22,3,1,20,14,16,523.803,15,13,2,8,90,26,17,128,10,14,19,44,11,87,23,162,14,27,54,27,48,72,7,11,2,4,51,28,9,51,8,146,5,19,21,0,8,7,6,9,0,129,33,5,50,9,19,0,5,56,18,0,9,6,1,6,5,43,39,184,5,7,9,35,47,1,27,15,42,7,27,1,20,34,16,26,35,1,3,17,14,0,0,1,26,14,42.053,7,11,48,5,42,8,2,31,11,9,5,13.578,13,13,5,0,25,15,9,30,4,2,21.627,7,7,43,6,8,0,4,10,26,12,23,5,11,181,5,24,9
